{"train_loss": [0.5869914893418142, 0.547749981080016, 0.5312453808441554, 0.5115473425551637, 0.5116167493062477, 0.5067894315882905, 0.4821309012501207, 0.4785327948119542, 0.46957651127691136, 0.46680923520702206, 0.45963882134385303, 0.4594666388345091, 0.44698172726043284, 0.44066707299996727, 0.4392914959829148, 0.4457264215978858, 0.4319825100980393, 0.422764901633132, 0.42834863474924273, 0.4343396019037456, 0.4239060617473027, 0.4262522324307324, 0.422230805334163, 0.41753214618114576, 0.42003049895371475, 0.4197012720859214, 0.4225278919282025, 0.41620571554115376, 0.418039956729706, 0.41854036262590594], "train_acc": [0.7115716753022453, 0.7452504317789291, 0.7487046632124352, 0.7573402417962003, 0.7677029360967185, 0.7616580310880829, 0.7832469775474957, 0.7806563039723662, 0.7962003454231433, 0.8005181347150259, 0.809153713298791, 0.8065630397236615, 0.8195164075993091, 0.8134715025906736, 0.8221070811744386, 0.810880829015544, 0.8195164075993091, 0.8229706390328152, 0.8212435233160622, 0.8264248704663213, 0.8246977547495682, 0.8281519861830743, 0.8238341968911918, 0.8333333333333334, 0.8281519861830743, 0.8298791018998273, 0.8333333333333334, 0.8290155440414507, 0.8307426597582038, 0.8324697754749568], "val_loss": [0.564962240782651, 0.5400836305184797, 0.5098502527583729, 0.4973242607983676, 0.490871938792142, 0.4804768372665752, 0.4697970883412795, 0.45838186686689203, 0.44929802417755127, 0.44640097292986786, 0.4557620720429854, 0.4440333599394018, 0.436780802228234, 0.42987900701436127, 0.4337550401687622, 0.4238882755691355, 0.42127004672180524, 0.42394371737133374, 0.4223819916898554, 0.42465912753885443, 0.41535707224499097, 0.41793652285229077, 0.4132846377112649, 0.4174900149757212, 0.4140203134580092, 0.4133195402947339, 0.41343292052095587, 0.41355090926993976, 0.4128284034403888, 0.41285066171125934], "val_acc": [0.7454545454545455, 0.7454545454545455, 0.7575757575757576, 0.7575757575757576, 0.7878787878787878, 0.7878787878787878, 0.8, 0.8181818181818182, 0.8303030303030303, 0.8181818181818182, 0.8, 0.8121212121212121, 0.8303030303030303, 0.8363636363636363, 0.8303030303030303, 0.8363636363636363, 0.8424242424242424, 0.8424242424242424, 0.8363636363636363, 0.8484848484848485, 0.8242424242424242, 0.8424242424242424, 0.8303030303030303, 0.8484848484848485, 0.8424242424242424, 0.8424242424242424, 0.8424242424242424, 0.8484848484848485, 0.8424242424242424, 0.8424242424242424]}