{"train_loss": [0.5344820951354013, 0.45656457625023306, 0.4337750514076181, 0.42472376337606615, 0.4142628067160306, 0.40464368687100605, 0.38885677187410117, 0.39866825917812243, 0.37841894038736, 0.3828507617932476, 0.3655261730086313, 0.3458838277075389, 0.3498184632969229, 0.3427882293519908, 0.3292637918501684, 0.3367616706719137, 0.3263033401884445, 0.3182826416745578, 0.32290840751095995, 0.3228833758055347, 0.3259372293234688, 0.323793366245211, 0.3078310169687826, 0.3062119601319914, 0.3053792042479123, 0.2962087306053671, 0.29396232636007547, 0.2895025935483305, 0.2927400884154725, 0.30930344995162257], "train_acc": [0.7357512953367875, 0.8031088082901554, 0.8143350604490501, 0.8255613126079447, 0.8324697754749568, 0.8316062176165803, 0.8290155440414507, 0.8324697754749568, 0.8367875647668394, 0.8523316062176166, 0.8411053540587219, 0.8540587219343696, 0.8480138169257341, 0.8601036269430051, 0.8713298791018999, 0.8635578583765112, 0.8626943005181347, 0.8747841105354058, 0.8730569948186528, 0.8791018998272885, 0.8730569948186528, 0.8739205526770294, 0.8773747841105354, 0.8765112262521589, 0.8713298791018999, 0.8825561312607945, 0.8773747841105354, 0.885146804835924, 0.886873920552677, 0.8782383419689119], "val_loss": [0.4572342715480111, 0.43762812424789777, 0.40594843300906097, 0.4109190743077885, 0.40368554267016327, 0.4378224828026511, 0.4265595728700811, 0.40134570408951153, 0.39222090217200195, 0.40888346460732544, 0.4257389577952298, 0.417563106526028, 0.40097643299536273, 0.39437158134850586, 0.4734404669566588, 0.3883927342566577, 0.41369329528375104, 0.3898624398491599, 0.4392390820113095, 0.4016419981013645, 0.40528796071355994, 0.40298260341991077, 0.4023470106449994, 0.40435043519193475, 0.389387155121023, 0.39233908463608136, 0.39590263908559625, 0.3970891304991462, 0.39434723826971924, 0.38925408639691095], "val_acc": [0.8181818181818182, 0.8181818181818182, 0.8424242424242424, 0.8121212121212121, 0.8484848484848485, 0.793939393939394, 0.8181818181818182, 0.8424242424242424, 0.8484848484848485, 0.8242424242424242, 0.8121212121212121, 0.8181818181818182, 0.8424242424242424, 0.8484848484848485, 0.8303030303030303, 0.8606060606060606, 0.8424242424242424, 0.8545454545454545, 0.8484848484848485, 0.8727272727272727, 0.8545454545454545, 0.8606060606060606, 0.8545454545454545, 0.8666666666666667, 0.8666666666666667, 0.8606060606060606, 0.8545454545454545, 0.8545454545454545, 0.8666666666666667, 0.8666666666666667]}